Segment,CustomerCount,Avg_CLV,Total_CLV
Bronze,28,200804.31947995196,5622520.945438655
Gold,26,188140.1024184267,4891642.662879094
Platinum,27,139116.87810825498,3756155.708922885
Silver,19,208155.22956322186,3954949.361701215
